{"cameraMode":{"drawMode":0,"name":"Shaded","section":"Shading Mode"},"sceneLighting":false,"audioPlay":false,"sceneViewState":{"m_AlwaysRefresh":false,"showFog":true,"showSkybox":false,"showFlares":true,"showImageEffects":true,"showParticleSystems":true,"showVisualEffectGraphs":true,"m_FxEnabled":true},"in2DMode":false,"pivot":{"x":0.7647785544395447,"y":0.00007073581218719482,"z":1.3206419944763184},"rotation":{"x":0.16519257426261903,"y":-0.4216477870941162,"z":0.07842634618282318,"w":0.88813316822052},"size":2.108776807785034,"orthographic":true}