{"cameraMode":{"drawMode":0,"name":"Shaded","section":"Shading Mode"},"sceneLighting":false,"audioPlay":false,"sceneViewState":{"m_AlwaysRefresh":false,"showFog":true,"showSkybox":false,"showFlares":true,"showImageEffects":true,"showParticleSystems":true,"showVisualEffectGraphs":true,"m_FxEnabled":true},"in2DMode":false,"pivot":{"x":0.9920520782470703,"y":-0.9762630462646484,"z":-9.999996185302735},"rotation":{"x":0.11194003373384476,"y":-0.09079398959875107,"z":0.010269517078995705,"w":0.9895071387290955},"size":4.748717308044434,"orthographic":true}