{"cameraMode":{"drawMode":0,"name":"Shaded","section":"Shading Mode"},"sceneLighting":false,"audioPlay":false,"sceneViewState":{"m_AlwaysRefresh":false,"showFog":true,"showSkybox":false,"showFlares":true,"showImageEffects":true,"showParticleSystems":true,"showVisualEffectGraphs":true,"m_FxEnabled":true},"in2DMode":false,"pivot":{"x":0.000001430511474609375,"y":7.162975311279297,"z":-0.2412634640932083},"rotation":{"x":0.0709952861070633,"y":-0.8014599680900574,"z":-0.09713050723075867,"w":-0.5858347415924072},"size":9.346997261047364,"orthographic":true}