{"cameraMode":{"drawMode":0,"name":"Shaded","section":"Shading Mode"},"sceneLighting":false,"audioPlay":false,"sceneViewState":{"m_AlwaysRefresh":false,"showFog":true,"showSkybox":false,"showFlares":true,"showImageEffects":true,"showParticleSystems":true,"showVisualEffectGraphs":true,"m_FxEnabled":true},"in2DMode":false,"pivot":{"x":-0.44774389266967776,"y":-0.13562610745429994,"z":-0.738727867603302},"rotation":{"x":0.16519257426261903,"y":-0.4216477870941162,"z":0.07842634618282318,"w":0.88813316822052},"size":1.3875118494033814,"orthographic":true}