{"cameraMode":{"drawMode":0,"name":"Shaded","section":"Shading Mode"},"sceneLighting":false,"audioPlay":false,"sceneViewState":{"m_AlwaysRefresh":false,"showFog":true,"showSkybox":false,"showFlares":true,"showImageEffects":true,"showParticleSystems":true,"showVisualEffectGraphs":true,"m_FxEnabled":true},"in2DMode":false,"pivot":{"x":-0.001330733299255371,"y":0.58550626039505,"z":-0.004583597183227539},"rotation":{"x":0.18798647820949555,"y":-0.6389580368995667,"z":0.1651274859905243,"w":0.7274150252342224},"size":1.6359288692474366,"orthographic":true}