{"cameraMode":{"drawMode":0,"name":"Shaded","section":"Shading Mode"},"sceneLighting":false,"audioPlay":false,"sceneViewState":{"m_AlwaysRefresh":false,"showFog":true,"showSkybox":false,"showFlares":true,"showImageEffects":true,"showParticleSystems":true,"showVisualEffectGraphs":true,"m_FxEnabled":true},"in2DMode":false,"pivot":{"x":0.37844303250312807,"y":0.27801206707954409,"z":-0.6426885724067688},"rotation":{"x":0.16519257426261903,"y":-0.4216477870941162,"z":0.07842634618282318,"w":0.88813316822052},"size":1.4747477769851685,"orthographic":true}